0,0,0,0,0,0,0,0,0,0,0,0
0.012337662337662338,0.0,0.0,0.0,0.0,0.0,0.0,0.0,-0.1,0.1,0.1,-0.1,0
0.024675324675324677,0.0,0.0,0.0,0.0,0.0,0.0,0.0,-0.2,0.2,0.2,-0.2,0
0.03701298701298701,0.0,0.0,0.0,0.0,0.0,0.0,0.0,-0.30000000000000004,0.30000000000000004,0.30000000000000004,-0.30000000000000004,0
0.04935064935064935,0.0,0.0,0.0,0.0,0.0,0.0,0.0,-0.4,0.4,0.4,-0.4,0
0.06168831168831169,0.0,0.0,0.0,0.0,0.0,0.0,0.0,-0.5,0.5,0.5,-0.5,0
0.07402597402597402,0.0,0.0,0.0,0.0,0.0,0.0,0.0,-0.6,0.6,0.6,-0.6,0
0.08636363636363638,0.0,0.0,0.0,0.0,0.0,0.0,0.0,-0.7,0.7,0.7,-0.7,0
0.09870129870129872,0.0,0.0,0.0,0.0,0.0,0.0,0.0,-0.7999999999999999,0.7999999999999999,0.7999999999999999,-0.7999999999999999,0
0.11103896103896106,0.0,0.0,0.0,0.0,0.0,0.0,0.0,-0.8999999999999999,0.8999999999999999,0.8999999999999999,-0.8999999999999999,0
0.12337662337662339,0.0,0.0,0.0,0.0,0.0,0.0,0.0,-0.9999999999999999,0.9999999999999999,0.9999999999999999,-0.9999999999999999,0
0.13571428571428573,0.0,0.0,0.0,0.0,0.0,0.0,0.0,-1.0999999999999999,1.0999999999999999,1.0999999999999999,-1.0999999999999999,0
0.14805194805194805,0.0,0.0,0.0,0.0,0.0,0.0,0.0,-1.2,1.2,1.2,-1.2,0
0.16038961038961042,0.0,0.0,0.0,0.0,0.0,0.0,0.0,-1.3,1.3,1.3,-1.3,0
0.17272727272727273,0.0,0.0,0.0,0.0,0.0,0.0,0.0,-1.4000000000000001,1.4000000000000001,1.4000000000000001,-1.4000000000000001,0
0.18506493506493504,0.0,0.0,0.0,0.0,0.0,0.0,0.0,-1.5000000000000002,1.5000000000000002,1.5000000000000002,-1.5000000000000002,0
0.1974025974025974,0.0,0.0,0.0,0.0,0.0,0.0,0.0,-1.6000000000000003,1.6000000000000003,1.6000000000000003,-1.6000000000000003,0
0.2097402597402597,0.0,0.0,0.0,0.0,0.0,0.0,0.0,-1.7000000000000004,1.7000000000000004,1.7000000000000004,-1.7000000000000004,0
0.22207792207792199,0.0,0.0,0.0,0.0,0.0,0.0,0.0,-1.8000000000000005,1.8000000000000005,1.8000000000000005,-1.8000000000000005,0
0.2344155844155843,0.0,0.0,0.0,0.0,0.0,0.0,0.0,-1.9000000000000006,1.9000000000000006,1.9000000000000006,-1.9000000000000006,0
0.24675324675324664,0.0,0.0,0.0,0.0,0.0,0.0,0.0,-2.0000000000000004,2.0000000000000004,2.0000000000000004,-2.0000000000000004,0
0.259090909090909,0.0,0.0,0.0,0.0,0.0,0.0,0.0,-2.1000000000000005,2.1000000000000005,2.1000000000000005,-2.1000000000000005,0
0.2714285714285713,0.0,0.0,0.0,0.0,0.0,0.0,0.0,-2.2000000000000006,2.2000000000000006,2.2000000000000006,-2.2000000000000006,0
0.2837662337662336,0.0,0.0,0.0,0.0,0.0,0.0,0.0,-2.3000000000000007,2.3000000000000007,2.3000000000000007,-2.3000000000000007,0
0.2961038961038959,0.0,0.0,0.0,0.0,0.0,0.0,0.0,-2.400000000000001,2.400000000000001,2.400000000000001,-2.400000000000001,0
0.3084415584415583,0.0,0.0,0.0,0.0,0.0,0.0,0.0,-2.500000000000001,2.500000000000001,2.500000000000001,-2.500000000000001,0
0.3207792207792206,0.0,0.0,0.0,0.0,0.0,0.0,0.0,-2.600000000000001,2.600000000000001,2.600000000000001,-2.600000000000001,0
0.3331168831168829,0.0,0.0,0.0,0.0,0.0,0.0,0.0,-2.700000000000001,2.700000000000001,2.700000000000001,-2.700000000000001,0
0.34545454545454524,0.0,0.0,0.0,0.0,0.0,0.0,0.0,-2.800000000000001,2.800000000000001,2.800000000000001,-2.800000000000001,0
0.35779220779220755,0.0,0.0,0.0,0.0,0.0,0.0,0.0,-2.9000000000000012,2.9000000000000012,2.9000000000000012,-2.9000000000000012,0
0.37012987012986986,0.0,0.0,0.0,0.0,0.0,0.0,0.0,-3.0000000000000013,3.0000000000000013,3.0000000000000013,-3.0000000000000013,0
0.3824675324675322,0.0,0.0,0.0,0.0,0.0,0.0,0.0,-3.1000000000000014,3.1000000000000014,3.1000000000000014,-3.1000000000000014,0
0.39480519480519455,0.0,0.0,0.0,0.0,0.0,0.0,0.0,-3.2000000000000015,3.2000000000000015,3.2000000000000015,-3.2000000000000015,0
0.40714285714285686,0.0,0.0,0.0,0.0,0.0,0.0,0.0,-3.3000000000000016,3.3000000000000016,3.3000000000000016,-3.3000000000000016,0
0.4194805194805193,0.0,0.0,0.0,0.0,0.0,0.0,0.0,-3.4000000000000017,3.4000000000000017,3.4000000000000017,-3.4000000000000017,0
0.43181818181818166,0.0,0.0,0.0,0.0,0.0,0.0,0.0,-3.5000000000000018,3.5000000000000018,3.5000000000000018,-3.5000000000000018,0
0.4441558441558441,0.0,0.0,0.0,0.0,0.0,0.0,0.0,-3.600000000000002,3.600000000000002,3.600000000000002,-3.600000000000002,0
0.4564935064935064,0.0,0.0,0.0,0.0,0.0,0.0,0.0,-3.700000000000002,3.700000000000002,3.700000000000002,-3.700000000000002,0
0.46883116883116877,0.0,0.0,0.0,0.0,0.0,0.0,0.0,-3.800000000000002,3.800000000000002,3.800000000000002,-3.800000000000002,0
0.48116883116883113,0.0,0.0,0.0,0.0,0.0,0.0,0.0,-3.900000000000002,3.900000000000002,3.900000000000002,-3.900000000000002,0
0.49350649350649345,0.0,0.0,0.0,0.0,0.0,0.0,0.0,-4.000000000000002,4.000000000000002,4.000000000000002,-4.000000000000002,0
0.5058441558441558,0.0,0.0,0.0,0.0,0.0,0.0,0.0,-4.100000000000001,4.100000000000001,4.100000000000001,-4.100000000000001,0
0.5181818181818181,0.0,0.0,0.0,0.0,0.0,0.0,0.0,-4.200000000000001,4.200000000000001,4.200000000000001,-4.200000000000001,0
0.5305194805194804,0.0,0.0,0.0,0.0,0.0,0.0,0.0,-4.300000000000001,4.300000000000001,4.300000000000001,-4.300000000000001,0
0.5428571428571428,0.0,0.0,0.0,0.0,0.0,0.0,0.0,-4.4,4.4,4.4,-4.4,0
0.5551948051948051,0.0,0.0,0.0,0.0,0.0,0.0,0.0,-4.5,4.5,4.5,-4.5,0
0.5675324675324674,0.0,0.0,0.0,0.0,0.0,0.0,0.0,-4.6,4.6,4.6,-4.6,0
0.5798701298701298,0.0,0.0,0.0,0.0,0.0,0.0,0.0,-4.699999999999999,4.699999999999999,4.699999999999999,-4.699999999999999,0
0.592207792207792,0.0,0.0,0.0,0.0,0.0,0.0,0.0,-4.799999999999999,4.799999999999999,4.799999999999999,-4.799999999999999,0
0.6045454545454543,0.0,0.0,0.0,0.0,0.0,0.0,0.0,-4.899999999999999,4.899999999999999,4.899999999999999,-4.899999999999999,0
0.6168831168831166,0.0,0.0,0.0,0.0,0.0,0.0,0.0,-4.999999999999998,4.999999999999998,4.999999999999998,-4.999999999999998,0
0.6292207792207789,0.0,0.0,0.0,0.0,0.0,0.0,0.0,-5.099999999999998,5.099999999999998,5.099999999999998,-5.099999999999998,0
0.6415584415584412,0.0,0.0,0.0,0.0,0.0,0.0,0.0,-5.1999999999999975,5.1999999999999975,5.1999999999999975,-5.1999999999999975,0
0.6538961038961035,0.0,0.0,0.0,0.0,0.0,0.0,0.0,-5.299999999999997,5.299999999999997,5.299999999999997,-5.299999999999997,0
0.6662337662337658,0.0,0.0,0.0,0.0,0.0,0.0,0.0,-5.399999999999997,5.399999999999997,5.399999999999997,-5.399999999999997,0
0.6785714285714283,0.0,0.0,0.0,0.0,0.0,0.0,0.0,-5.4999999999999964,5.4999999999999964,5.4999999999999964,-5.4999999999999964,0
0.6909090909090906,0.0,0.0,0.0,0.0,0.0,0.0,0.0,-5.599999999999996,5.599999999999996,5.599999999999996,-5.599999999999996,0
0.7032467532467529,0.0,0.0,0.0,0.0,0.0,0.0,0.0,-5.699999999999996,5.699999999999996,5.699999999999996,-5.699999999999996,0
0.7155844155844152,0.0,0.0,0.0,0.0,0.0,0.0,0.0,-5.799999999999995,5.799999999999995,5.799999999999995,-5.799999999999995,0
0.7279220779220775,0.0,0.0,0.0,0.0,0.0,0.0,0.0,-5.899999999999995,5.899999999999995,5.899999999999995,-5.899999999999995,0
0.7402597402597398,0.0,0.0,0.0,0.0,0.0,0.0,0.0,-5.999999999999995,5.999999999999995,5.999999999999995,-5.999999999999995,0
0.7525974025974022,0.0,0.0,0.0,0.0,0.0,0.0,0.0,-6.099999999999994,6.099999999999994,6.099999999999994,-6.099999999999994,0
0.7649350649350646,0.0,0.0,0.0,0.0,0.0,0.0,0.0,-6.199999999999994,6.199999999999994,6.199999999999994,-6.199999999999994,0
0.7772727272727269,0.0,0.0,0.0,0.0,0.0,0.0,0.0,-6.299999999999994,6.299999999999994,6.299999999999994,-6.299999999999994,0
0.7896103896103892,0.0,0.0,0.0,0.0,0.0,0.0,0.0,-6.399999999999993,6.399999999999993,6.399999999999993,-6.399999999999993,0
0.8019480519480515,0.0,0.0,0.0,0.0,0.0,0.0,0.0,-6.499999999999993,6.499999999999993,6.499999999999993,-6.499999999999993,0
0.8142857142857137,0.0,0.0,0.0,0.0,0.0,0.0,0.0,-6.5999999999999925,6.5999999999999925,6.5999999999999925,-6.5999999999999925,0
0.826623376623376,0.0,0.0,0.0,0.0,0.0,0.0,0.0,-6.699999999999992,6.699999999999992,6.699999999999992,-6.699999999999992,0
0.8389610389610384,0.0,0.0,0.0,0.0,0.0,0.0,0.0,-6.799999999999992,6.799999999999992,6.799999999999992,-6.799999999999992,0
0.8512987012987007,0.0,0.0,0.0,0.0,0.0,0.0,0.0,-6.8999999999999915,6.8999999999999915,6.8999999999999915,-6.8999999999999915,0
0.8636363636363631,0.0,0.0,0.0,0.0,0.0,0.0,0.0,-6.999999999999991,6.999999999999991,6.999999999999991,-6.999999999999991,0
0.8759740259740254,0.0,0.0,0.0,0.0,0.0,0.0,0.0,-7.099999999999991,7.099999999999991,7.099999999999991,-7.099999999999991,0
0.8883116883116877,0.0,0.0,0.0,0.0,0.0,0.0,0.0,-7.19999999999999,7.19999999999999,7.19999999999999,-7.19999999999999,0
0.90064935064935,0.0,0.0,0.0,0.0,0.0,0.0,0.0,-7.29999999999999,7.29999999999999,7.29999999999999,-7.29999999999999,0
0.9129870129870123,0.0,0.0,0.0,0.0,0.0,0.0,0.0,-7.39999999999999,7.39999999999999,7.39999999999999,-7.39999999999999,0
0.9253246753246747,0.0,0.0,0.0,0.0,0.0,0.0,0.0,-7.499999999999989,7.499999999999989,7.499999999999989,-7.499999999999989,0
0.9376623376623371,0.0,0.0,0.0,0.0,0.0,0.0,0.0,-7.599999999999989,7.599999999999989,7.599999999999989,-7.599999999999989,0
0.9499999999999994,0.0,0.0,0.0,0.0,0.0,0.0,0.0,-7.699999999999989,7.699999999999989,7.699999999999989,-7.699999999999989,0
0.9623376623376617,0.0,0.0,0.0,0.0,0.0,0.0,0.0,-7.799999999999988,7.799999999999988,7.799999999999988,-7.799999999999988,0
0.9746753246753241,0.0,0.0,0.0,0.0,0.0,0.0,0.0,-7.899999999999988,7.899999999999988,7.899999999999988,-7.899999999999988,0
0.9870129870129865,0.0,0.0,0.0,0.0,0.0,0.0,0.0,-7.999999999999988,7.999999999999988,7.999999999999988,-7.999999999999988,0
0.9993506493506489,0.0,0.0,0.0,0.0,0.0,0.0,0.0,-8.099999999999987,8.099999999999987,8.099999999999987,-8.099999999999987,0
1.0116883116883113,0.0,0.0,0.0,0.0,0.0,0.0,0.0,-8.199999999999987,8.199999999999987,8.199999999999987,-8.199999999999987,0
1.0240259740259736,0.0,0.0,0.0,0.0,0.0,0.0,0.0,-8.299999999999986,8.299999999999986,8.299999999999986,-8.299999999999986,0
1.036363636363636,0.0,0.0,0.0,0.0,0.0,0.0,0.0,-8.399999999999986,8.399999999999986,8.399999999999986,-8.399999999999986,0
1.0487012987012982,0.0,0.0,0.0,0.0,0.0,0.0,0.0,-8.499999999999986,8.499999999999986,8.499999999999986,-8.499999999999986,0
1.0610389610389606,0.0,0.0,0.0,0.0,0.0,0.0,0.0,-8.599999999999985,8.599999999999985,8.599999999999985,-8.599999999999985,0
1.0733766233766229,0.0,0.0,0.0,0.0,0.0,0.0,0.0,-8.699999999999985,8.699999999999985,8.699999999999985,-8.699999999999985,0
1.0857142857142852,0.0,0.0,0.0,0.0,0.0,0.0,0.0,-8.799999999999985,8.799999999999985,8.799999999999985,-8.799999999999985,0
1.0980519480519475,0.0,0.0,0.0,0.0,0.0,0.0,0.0,-8.899999999999984,8.899999999999984,8.899999999999984,-8.899999999999984,0
1.1103896103896098,0.0,0.0,0.0,0.0,0.0,0.0,0.0,-8.999999999999984,8.999999999999984,8.999999999999984,-8.999999999999984,0
1.1227272727272721,0.0,0.0,0.0,0.0,0.0,0.0,0.0,-9.099999999999984,9.099999999999984,9.099999999999984,-9.099999999999984,0
1.1350649350649344,0.0,0.0,0.0,0.0,0.0,0.0,0.0,-9.199999999999983,9.199999999999983,9.199999999999983,-9.199999999999983,0
1.1474025974025968,0.0,0.0,0.0,0.0,0.0,0.0,0.0,-9.299999999999983,9.299999999999983,9.299999999999983,-9.299999999999983,0
1.159740259740259,0.0,0.0,0.0,0.0,0.0,0.0,0.0,-9.399999999999983,9.399999999999983,9.399999999999983,-9.399999999999983,0
1.1720779220779214,0.0,0.0,0.0,0.0,0.0,0.0,0.0,-9.499999999999982,9.499999999999982,9.499999999999982,-9.499999999999982,0
1.1844155844155837,0.0,0.0,0.0,0.0,0.0,0.0,0.0,-9.599999999999982,9.599999999999982,9.599999999999982,-9.599999999999982,0
1.196753246753246,0.0,0.0,0.0,0.0,0.0,0.0,0.0,-9.699999999999982,9.699999999999982,9.699999999999982,-9.699999999999982,0
1.2090909090909083,0.0,0.0,0.0,0.0,0.0,0.0,0.0,-9.799999999999981,9.799999999999981,9.799999999999981,-9.799999999999981,0
1.2214285714285706,0.0,0.0,0.0,0.0,0.0,0.0,0.0,-9.89999999999998,9.89999999999998,9.89999999999998,-9.89999999999998,0
1.233766233766233,0.0,0.0,0.0,0.0,0.0,0.0,0.0,-9.99999999999998,9.99999999999998,9.99999999999998,-9.99999999999998,0
1.2461038961038953,0.0,0.0,0.0,0.0,0.0,0.0,0.0,-10.09999999999998,10.09999999999998,10.09999999999998,-10.09999999999998,0
