1,-0.5,-0.5,1.4142135623730951
2,-0.48140293487809005,-0.4926413881165372,1.3958827479373956
3,-0.462429312064636,-0.4863167033550036,1.3780750415119964
4,-0.457389703508281,-0.46696205673981805,1.3607390137561917
5,-0.4546164890145579,-0.44715525787246435,1.344766047910913
6,-0.4439111132694372,-0.4302616220839261,1.3252753960123782
7,-0.4287776783039314,-0.41718572264469805,1.3053189746337552
8,-0.41454701597000604,-0.403132671391045,1.2853189746337552
9,-0.3957904582452382,-0.3961906585476795,1.2671220310417373
10,-0.3787941357857643,-0.3856490731425526,1.2476591737528766
11,-0.36832413670924946,-0.3686085590852309,1.2281969041273408
12,-0.35837019172748136,-0.3512615426472398,1.208902642910682
13,-0.34416937585928575,-0.33717833176769946,1.188902642910682
14,-0.32798202815732425,-0.32543227820167986,1.1691418583083626
15,-0.3135912786688287,-0.3115432059087092,1.1491445269340863
16,-0.29399390189445557,-0.315536052457634,1.1382114781989168
17,-0.2803770172735293,-0.30088748757159883,1.1182169095651693
18,-0.364024060558496,-0.3991340602682726,1.2469882259101333
19,-0.342297089401281,-0.3491087849638749,1.196014262254718
20,-0.2603775395579003,-0.30074295002610685,1.1042478320923426
21,-0.24044901010359335,-0.2990536561532648,1.089381238123409
22,-0.23039129221358168,-0.2817665999884651,1.0698740377254468
23,-0.38900467107121783,-0.39930605390563334,1.2645476202096013
24,-0.21673751118032294,-0.26715241976869825,1.0498740377254467
25,-0.21028208587743571,-0.24822287978065724,1.0316676399624352
26,-0.1999127864462784,-0.23112090242986527,1.0121342216331064
27,-0.17997064460530757,-0.23264109281090295,0.9995614280273682
28,-0.16869026381674088,-0.21612585714001603,0.9797871769868317
29,-0.15922308880530012,-0.198508462403485,0.9604629888045043
30,-0.15040749869905856,-0.1805561541653019,0.9413748420986361
31,-0.16407730253684075,-0.24478200208058712,0.9978471297587493
32,-0.13064961439093012,-0.1774535733578753,0.9255605221630744
33,-0.11371164843895797,-0.16681847536068542,0.9062498918686899
34,-0.11926435016139225,-0.14760474319898204,0.8960358468245736
35,-0.1022268843518142,-0.13712978454572428,0.876704957549217
36,-0.16578095377485283,-0.16776330932795103,0.9429592333149771
37,-0.08773588356568152,-0.12334534055199345,0.8567338457295901
38,-0.06811493726359981,-0.11946997396148534,0.8405341340968059
39,-0.18321956260505473,-0.15797071406075017,0.9485327781831557
40,-0.19192148898042266,-0.13996303577181807,0.942500946454255
41,-0.17286488458096028,-0.19956871677983623,0.970640789581365
42,-0.060362537113962236,-0.10103358896008392,0.8217344753988577
43,-0.053455155477690135,-0.13307478186125044,0.8408901762736344
44,-0.19615605167035988,-0.21381117543352068,0.9970755450070217
45,-0.21190497914081027,-0.1407755140851847,0.9578110245641415
46,-0.03370922209420196,-0.12989702875333792,0.8256002668244975
47,-0.023138490130177866,-0.14687523907553499,0.8319383719872
48,-0.21620981082332413,-0.12124429742607142,0.9481038815467401
49,-0.004089363258560203,-0.14078173717358947,0.8152958486620816
50,-0.2200166560496494,-0.10160994158171521,0.9382742172727938
51,0.008276439022557307,-0.1250627380341942,0.7952958486620815
52,-0.06116776040502339,-0.0810498051479143,0.8077921337698324
53,0.02819964771967919,-0.12681366784744397,0.7845323107509343
54,0.04268274878631209,-0.14060641171854144,0.7870931603009576
55,0.05849109427378385,-0.15285778767998884,0.7881328598465935
56,0.040227204668321,-0.11083437268629315,0.7645323107509344
57,-0.21962964813129213,-0.08161368631051183,0.9252790447066602
58,-0.2281822736093182,-0.3148500853630583,1.0928083478886035
59,0.052323318535699326,-0.09490691120282323,0.7445325003811268
60,0.0643490308111241,-0.07892622772968297,0.7245325003811268
61,-0.22240735092653502,-0.06180751638340831,0.9151502970209797
62,0.05122209988946169,-0.10807373136029308,0.7557481501122276
63,-0.24096555878449064,-0.05435145032274908,0.925383968836584
64,0.060166950132710714,-0.17278745167966783,0.8038010120005963
65,0.06724843827406943,-0.1914917967819107,0.8157418827012055
66,-0.024928138728321447,-0.11592652983961182,0.8092682132575368
67,0.07788935434754672,-0.06420686502170544,0.7046323748670309
68,0.08987037198762063,-0.04819264583036684,0.6846323748670309
69,0.08716726268421325,-0.1932919173661657,0.8068981048960889
70,0.10307675846176678,-0.20541165103089637,0.8094156269082984
71,-0.2561075104956339,-0.04128541426059901,0.9298862656901505
72,-0.2613587858790778,-0.02198712141259724,0.9231130785314836
73,-0.14655600441408329,-0.25442586604133727,0.993575892519603
74,0.10491783333853708,-0.03501790078946848,0.6650820044017771
75,0.06839805138136434,-0.13620624316800156,0.7687903653775493
76,-0.2539947802777587,-0.0033921914180062296,0.9065935291334966
77,0.12297754616879,-0.20342201572763266,0.7980905104706062
78,-0.22275065473941946,-0.33409839740469355,1.1036705330302778
79,-0.022960590515146283,-0.16687444785305844,0.8474723054066557
80,-0.240827012114871,-0.047562420688673446,0.9212216163494467
81,-0.2801472508698697,-0.015131934814860583,0.9348746671644906
82,-0.25965219668353845,0.015790968895446143,0.9008495133646554
83,-0.2529142647534865,0.03462180194409235,0.8851309266402608
84,0.05734154859085347,-0.20886572946292997,0.835725509369527
85,0.1167985386965727,-0.018929120842078317,0.6450820044017771
86,0.11730979035006989,0.0010643436337646923,0.628799320733979
87,0.13973810808652776,-0.21433455732900486,0.8000390556463476
88,0.13693012517459338,0.004942804845842341,0.6139229271493598
89,0.038906693366813884,-0.2166217666513852,0.8521465800321432
90,0.1487579901644629,0.021070470820229913,0.5939229271493599
91,-0.23403785501861837,-0.004704111461716261,0.8908073937314928
92,0.10231807521865526,0.014302488421404446,0.6277363985395742
93,-0.25593726868866923,0.05439201810901755,0.8775007850238308
94,0.1605858551543324,0.03719813679461749,0.5739229271493599
95,-0.40365608287316823,-0.3778022940414897,1.2598139479852493
96,0.15830964693637675,-0.2217573563124443,0.7985524270627898
97,-0.20785354902857542,-0.3474429184316895,1.1041812110665392
98,-0.29951954167415107,-0.01016058198144029,0.948417269415992
99,-0.26216285114525256,0.07339838870090809,0.8734306763726827
100,0.15409670434728834,-0.2413085996166704,0.818038831479922
101,0.13637111569468952,-0.2505716178569018,0.8340166179600091
102,-0.25859992719501795,0.09307846931367095,0.8608478272472967
103,-0.21539687213562628,0.002542526183150204,0.8713533284022501
104,-0.26184701513956604,0.11281311954822973,0.854590284797949
105,0.17708354877004143,-0.21486238641113786,0.7844126885641112
106,0.1526970916759119,0.055576586424048655,0.5640314536130685
107,0.14295305971932143,-0.26945753887909746,0.8482614111827038
108,-0.1455046504667492,-0.23761331615093573,0.9801783806723042
109,-0.2637220361693454,0.13272503297054766,0.8474445409211958
110,-0.2725013067396676,0.1506951305844471,0.8478043174647735
111,-0.28936172601882293,0.007067847462718864,0.930630991053088
112,0.16501211085079434,0.07133540309035573,0.5440314536130685
113,0.17398025042956908,0.08921199315937096,0.5244384269617008
114,0.19302023913007244,0.09533398877229848,0.5079282963437813
115,0.21301676300598435,0.09496111764163209,0.4964029356658552
116,0.19426043278802096,-0.20461764847242614,0.7680903029577836
117,0.13852962737921876,-0.2889622369370663,0.8678261586258771
118,0.22457927468247424,0.11128007360489871,0.4764029356658552
119,0.2114022128033107,-0.19431428116326874,0.7519049167295637
120,0.2269544934787543,-0.18173944256421612,0.73438580880843
121,0.16503212332440703,0.10709860886245645,0.5163089981419773
122,-0.35428922576951904,-0.3199275741671084,1.184099365824272
123,0.24264522120739085,-0.16933778689467763,0.7171084681779023
124,-0.2383585624008516,-0.10958330168920621,0.9574785472108324
125,0.22364972470011238,-0.21012562052265576,0.7620025404032525
126,-0.3515312481957539,-0.4147523072655933,1.2497508752953705
127,0.021118800741654852,-0.20747896205127409,0.8543147457162722
128,-0.40824442053479554,-0.35833572892324417,1.2496592139374572
129,-0.2147425293020066,-0.36621901895315767,1.1230281706124743
130,-0.2916101468176896,0.14479155278174294,0.8676518112237935
131,-0.19818538554267554,-0.3774377974309085,1.1213206146975887
132,0.2206701351206831,0.13089431913936775,0.46288678643604453
133,-0.20565803676879968,0.020011214906058047,0.8534298440248941
134,-0.266601882755218,0.1698052534687119,0.8346897730778223
135,-0.2777971076005646,0.1863783322612035,0.838645867495374
136,-0.44668220238560685,-0.4865231359348283,1.3672728659811657
137,0.21235894198295413,0.1490856376354902,0.45373810504613343
138,-0.12872825199652296,-0.26349070160179683,0.9890486673015678
139,0.24437193515082856,0.1141524579079551,0.462843421987398
140,-0.28697163651540336,0.20414988309929266,0.8407446986748679
141,-0.20589802963016865,-0.015057814468567635,0.873828690580077
142,-0.10060495973353965,-0.10803564171152419,0.8546541167326533
143,0.2224471852921248,-0.23008943526263562,0.7810673136384458
144,0.2620625254490091,-0.1645452618829083,0.7058573842404191
145,0.2698228156146948,-0.14611219657774643,0.6858881153497757
146,0.2896348717034874,-0.1433767928535158,0.676895253924626
147,0.13316327710006384,-0.030426743943628563,0.6449199267805301
148,0.3026257287132028,-0.15858329258728518,0.6875234950466086
149,0.043619600292123105,-0.23605854900632686,0.8660630789976101
150,-0.29391834147128154,0.22290470355313804,0.8408853288275904
151,-0.27641501477599656,0.2325811468355701,0.8211778846251218
152,0.20455425919660603,0.16749995072624876,0.44479710939473655
153,0.26941058336915674,-0.18314649960522547,0.7210136052704033
154,0.1317762187059036,-0.30778752501696544,0.887755280853658
155,-0.3615403652356043,-0.30128834198218774,1.176569083363515
156,-0.31687616176108613,-0.02009777168264873,0.9683947313790905
157,0.1454569643436693,-0.32237646599274417,0.895546657607029
158,-0.4249164323839968,-0.3864440831440068,1.2811141711162823
159,0.023383770587993326,-0.18760762813542492,0.8366404726099158
160,0.31775539836514755,-0.1455030366179617,0.6707363603593112
161,-0.1878926467711498,-0.3486928708585845,1.0924632179290998
162,-0.3403502244603845,-0.36901380234397047,1.208872817303352
163,0.19338811444101517,0.18409263620199953,0.44023665325349526
164,0.33255988755429694,-0.1589502333462155,0.6798908745400702
165,-0.22174415324619487,0.03189552627338914,0.8602536957595324
166,0.0831585809259725,-0.13724020611571797,0.7614669060084304
167,0.3501824721405671,-0.1684077442502406,0.6849921198288393
168,0.17929942426889095,0.19828801605721616,0.4403169092017197
169,0.18386831484104244,0.21775915467157833,0.42379138397700383
170,0.3484009347375984,-0.1883282393365035,0.7048248304767113
171,0.16564455471841985,0.22599897062784283,0.4322847763759967
172,0.15421474776852206,0.24241114638512948,0.4311837869950701
173,0.15780315000761744,0.26208659731694944,0.4167750848130638
174,0.13461961608663464,0.24641499632855793,0.44475631421681194
175,0.3675690981166177,-0.19403626111950537,0.70655804823269
176,-0.3316302604673853,-0.41276467363855757,1.2348069644958897
177,-0.42550537343763073,-0.34823327848356833,1.2554122394611704
178,-0.23860115031170112,0.09329965514349013,0.8431707002429414
179,0.174704258414241,0.27278017177208647,0.3967948712291421
180,-0.33426055852908604,-0.029986287699359987,0.9883704491063112
181,0.19110042505712618,0.2842329321126655,0.376794871229142
182,0.14504420495116352,0.1077936765602777,0.528979599403281
183,-0.3125804303198878,0.2300968131050516,0.8562328456879609
184,0.3837694184672673,-0.20576441615498847,0.7152712486840422
185,0.15546290913542526,0.018300101995656015,0.59223356770688
186,0.19824754810858092,0.30291229591573343,0.36041379735477747
187,0.11517893533623756,-0.3189468343480579,0.9048542254405718
188,0.1675088941954217,0.0023346942672469832,0.5985157407865108
189,-0.20731193269174022,-0.3952340368408484,1.1409356471100753
190,-0.26014219646383985,0.12354656375483464,0.8482531158243178
191,-0.1929306305547004,0.00821661883430913,0.8497080397122848
192,0.21499232614461075,0.31384904170797406,0.3404137973547775
193,0.18195329645115405,0.314509595727519,0.36818527362654785
194,-0.3111936964372786,0.14073143156469856,0.8871917027368587
195,-0.20395278286845175,-0.3714705778868448,1.1202725064155903
196,-0.3303705800730535,0.1464100875694192,0.9025193219114619
197,0.23173710418064059,0.3247857875002147,0.3204137973547775
198,-0.2088668890542614,-0.04708828093160905,0.8954316576546586
199,-0.14589827408462486,-0.25034190235331233,0.9900492669017461
200,0.18307052939587898,0.06273926909590546,0.5400381802504258
201,0.15212397544419765,-0.3412325250450868,0.9103240574951766
202,0.11499610311599252,0.2425526474718335,0.46314915517534255
203,-0.03268922994680279,-0.14338497390076432,0.8352856040556457
204,-0.03788913097114778,-0.18018379343627652,0.867164753706157
205,0.2557744767580256,0.09772132754829514,0.47061049341501326
206,0.38897609334735633,-0.2250747899652763,0.73352556798765
207,-0.3749340780217628,-0.28643544806208265,1.1764311942703665
208,-0.3217697056574389,0.24786074337880226,0.8595810920825353
209,-0.4462470560798094,-0.4703452214714916,1.3553425175844902
210,0.24848188221667042,0.3357225332924553,0.3004137973547774
211,-0.3484200705366104,0.13779522285742474,0.9225014453507645
212,0.21714020730811628,0.33845804414251374,0.3257383395057411
213,-0.3297109137565909,0.2662165929621357,0.862017912698471
214,0.40370502675746817,-0.238604702034484,0.744855440833474
215,-0.31276368883198424,0.2341411409947085,0.8551407760102251
216,-0.3264950149085207,0.28595634966273814,0.8537614970929152
217,-0.35034923126003514,-0.04186713824788614,1.008322275176685
218,0.267628394282086,-0.1262329482263879,0.6679552893631695
219,0.029298487873522544,-0.2500194135602793,0.8854880203794164
220,-0.3677159662540283,0.14305529970691405,0.9382646306663611
221,0.060212592831482614,-0.1238978467024966,0.76332266219733
222,0.1720006785039545,-0.34344988281375033,0.9049813587695579
223,-0.24758749225900575,0.1760062980627745,0.8147754153612495
224,0.20180394112435485,0.1543993278828466,0.4564654577257686
225,-0.43487977197176986,-0.33056634179032324,1.2505361394845607
226,0.044179576174535495,-0.09942407880624227,0.7530481292913078
227,0.27532739300043374,0.10192649893806893,0.4570998715638463
228,0.17375627632851082,-0.3633726807166156,0.9229557698193527
229,0.26522666025270025,0.34665927908469596,0.28041379735477745
230,0.28197143828873006,0.3575960248769366,0.2604137973547775
231,0.15796400986833575,-0.37564477589432793,0.940075737425648
232,0.1532423103617424,-0.3950794241743827,0.9599000317239326
233,-0.34157208216590246,0.29909720362724085,0.8652199160164119
234,0.1354464429724575,-0.4042066967058121,0.9749302776655724
235,0.19054094902301533,0.0697114546106764,0.5300123928030702
236,-0.3614474604857336,0.2968680027292542,0.8850730678833933
237,-0.33641509117446733,0.31842090523729105,0.855897874982312
238,-0.37030849207627187,-0.0405912433974236,1.0245368533235135
239,0.25512139893069097,0.10966322504055781,0.46079097988936374
240,-0.30668755933601205,0.2831878295267995,0.8353157101675942
241,-0.35277166452541836,-0.061719891635634766,1.0211506982206897
242,-0.38136365313296694,0.2950389946816256,0.9048817065036776
243,0.19116995740362794,-0.3377456084105913,0.8928570432164988
244,-0.3800866330835145,0.2750798058255298,0.9083730376226267
245,0.1154549080474518,-0.40362486224286115,0.9820452226899856
246,0.275947535412075,-0.20204804075901994,0.7369334830373104
247,-0.32436512852504523,0.33438331107562047,0.840836935902788
248,0.1017833187104675,0.2575667184804945,0.4662085598158456
249,0.037377333152008196,-0.24952294951331389,0.8807975838572025
250,0.28230470272376507,0.37759324805457656,0.24974918493964446
251,0.29973781645575537,0.387395622542806,0.22974918493964444
252,-0.031109111693991248,-0.1989995139540081,0.8778822295913731
253,-0.18124617497113532,-0.12305038752256055,0.923194527878505
254,0.24908185782635386,-0.11874789742521104,0.667689205124655
255,-0.268341821618608,0.034079420190674004,0.8985717230906275
256,-0.2279754622377986,0.1799265376533186,0.7952328557843477
257,-0.10857926045754959,-0.08969414428184155,0.8474124733914125
258,0.31717093018774567,0.3971979970310355,0.20974918493964442
259,0.20319090911155685,0.3527904228642565,0.3313099697179494
260,-0.1753112754343604,0.017680144876083898,0.8298661105115319
261,0.13825917981961297,-0.3722213751361706,0.944259788527083
262,0.40964055544417727,-0.2577036417749317,0.763072498508124
263,-0.16806184541357375,-0.0009597522366610427,0.8350253305489639
264,0.10068545356259603,-0.06501626049923713,0.6918782274541174
265,-0.18627220725174665,-0.20653560917402425,0.9849680753593457
266,-0.21872092326873982,0.09111411797375131,0.8268902164523735
267,-0.24658067909979942,-0.09987465229941184,0.9577224592106306
268,0.33460404391973597,0.40700037151926494,0.1897491849396444
269,0.22739639045571597,0.08106053080484982,0.49982297544839477
270,0.42894954615834485,-0.2629154435363372,0.7662167715322808
271,0.3520371576517263,0.4168027460074944,0.1697491849396444
272,0.12059887175063536,-0.06315728872208051,0.6790370740671643
273,0.3694702713837166,0.42660512049572386,0.14974918493964437
274,-0.20880489594365775,0.1856264839655176,0.775393505323318
275,0.13505157406973864,0.12511843710891427,0.52318595144044
276,0.08853865164096085,0.27255267171070063,0.47014117915726
277,-0.19280685993937682,0.19762910218012938,0.755916334674317
278,0.36456038595009005,-0.1545053849365871,0.6683720430755454
279,-0.28049568942283587,-0.031518114116084406,0.9442907533387939
280,-0.35252459873587877,-0.43472762340087473,1.2651141930270242
281,0.12798794766131633,-0.08174227075559871,0.6905193963018851
282,-0.055869830557102276,-0.18894132975647845,0.8852295885080923
283,0.1235640972076962,0.14149029941422453,0.5198395851848522
284,0.09595152909150134,-0.39919561746518306,0.9858031879194181
285,0.053331207342861675,-0.1366680228946584,0.7777269326121984
286,0.09519829319784164,-0.31982657279632376,0.9143194361342792
287,0.3869033851157069,0.4364074949839533,0.12974918493964435
288,-0.19555314533237877,-0.1622751765865198,0.9604179233565309
289,0.0759594295966979,-0.39863351623775156,0.9936561788937777
290,0.2016188602632335,-0.348794219847285,0.8997126942512109
291,0.1379923878785884,-0.4240439889740363,0.9924247098862943
292,0.10193843314944888,-0.1798081299499035,0.7877766844414099
293,0.4043364988476972,0.4462098694721828,0.10974918493964435
294,-0.32844582236501113,-0.0037838833199687408,0.9695982063138253
295,-0.11819134497375672,-0.28048992483092056,0.9956530830379818
296,-0.18190030073343677,-0.22695865397755866,0.9967230832749964
297,0.4217696125796875,0.45601224396041223,0.08974918493964433
298,0.4392027263116778,0.4658146184486417,0.06974918493964431
299,0.2521582380969404,0.07805097376535386,0.4893531645790992
300,-0.3081811293880053,0.34613397794743206,0.8226976909176013
301,-0.2093405516831823,-0.4151308884759077,1.1578551555807426
302,0.3750970459814233,-0.13750600861320086,0.6496265534447473
303,-0.28828423707296524,0.34816219790682984,0.8027744120001531
304,0.42248088092083036,-0.2818404632204742,0.7856740569419459
305,0.41860352611834556,-0.3014610167227495,0.8055837307733009
306,0.228065790483296,-0.1571118831297046,0.711156973709561
307,-0.042105192883385656,-0.11242549452769457,0.8178893730197404
308,0.3856860765583579,-0.12053920480574368,0.6309806477171597
309,-0.36700804326070857,0.1352535587657585,0.9406077362385484
310,0.11074674857948563,-0.17509910812573448,0.7792797312477749
311,-0.3861323784269736,-0.0528225401708681,1.0444344656404327
312,-0.15666691036093677,-0.01739615863058382,0.8360085024260596
313,-0.3930923881690978,0.3112388951273764,0.9128224189393663
314,-0.39616501764653517,0.33100145943706005,0.9119606600976922
315,-0.28524688969314244,0.3679302155336503,0.7962757724191677
316,-0.20016059572344275,0.09856490594626048,0.8070780597573823
317,0.06935990154579671,0.26688032256883343,0.48968936929675844
318,0.19833757415767644,0.37219261706556894,0.3276201249887187
319,0.41957345160456255,-0.3214374839917935,0.8253653553388169
320,-0.21760328522581052,-0.02107807736584355,0.8868352934328674
321,0.4012777356285891,-0.32951626960143243,0.83537017364525
322,-0.3116485838341875,-0.41362059356840825,1.2220785623814587
323,0.397325533806407,0.41933767317267073,0.13056973989917478
324,0.411451388617426,0.4051792754576038,0.1297375288053811
325,0.4349511326323331,0.4626333871673185,0.0750174573043091
326,0.0958956827630075,0.0332432612447514,0.6173833107422092
327,0.12325334452082214,-0.27291025101566724,0.8598420195244287
328,0.1970194179708954,-0.33142121975454375,0.8849059146286843
329,0.4566358400436681,0.47561699293687115,0.04974918493964431
330,0.38483261279196224,-0.1005574231134258,0.6115004051780869
331,0.41627534110798065,0.4752427660800841,0.08730829936466768
332,-0.3703664638256487,-0.4214779783975597,1.2675407078370375
333,0.4740689537756584,0.48541936742510056,0.02974918493964432
334,0.07357283032884135,-0.4184906092761262,1.0126525220243046
335,0.4915020675076487,0.49522174191333,0.009749184939644303
336,0.10644732270937272,0.15183515469467881,0.5254545359106713
337,0.38336659019232916,-0.08061122603886131,0.592210054022822
338,-0.2004040096065356,0.196516202216927,0.7633270545380592
339,-0.13710904675579993,-0.01321405734021992,0.8181054981539329
340,-0.3777860913667575,0.11840619460919992,0.9571427555540298
341,-0.2861048576043867,0.38791180433592715,0.7940557982638503
342,-0.3052019976568183,0.195924682028584,0.8607043952658477
343,0.5,0.5,0.0
